{
  "means": {
    "shape": [
      363609,
      3
    ],
    "dtype": "float32",
    "mins": [
      -2.1156656742095947,
      -2.210984945297241,
      -0.9419814348220825
    ],
    "maxs": [
      2.312089681625366,
      2.16849684715271,
      0.961250901222229
    ],
    "files": [
      "means_l.webp",
      "means_u.webp"
    ]
  },
  "scales": {
    "shape": [
      363609,
      3
    ],
    "dtype": "float32",
    "mins": [
      -14.761323928833008,
      -14.040887832641602,
      -14.03643798828125
    ],
    "maxs": [
      -0.9707521796226501,
      -0.9793340563774109,
      -1.0513298511505127
    ],
    "files": [
      "scales.webp"
    ]
  },
  "quats": {
    "shape": [
      363609,
      4
    ],
    "dtype": "uint8",
    "encoding": "quaternion_packed",
    "files": [
      "quats.webp"
    ]
  },
  "sh0": {
    "shape": [
      363609,
      1,
      4
    ],
    "dtype": "float32",
    "mins": [
      -3.0,
      -3.0,
      -3.0,
      -1.794748306274414
    ],
    "maxs": [
      3.0,
      3.0,
      3.0,
      17.3374080657959
    ],
    "files": [
      "sh0.webp"
    ]
  },
  "shN": {
    "shape": [
      363609,
      45
    ],
    "dtype": "float32",
    "mins": -3.5459787845611572,
    "maxs": 2.4230666160583496,
    "quantization": 8,
    "files": [
      "shN_centroids.webp",
      "shN_labels.webp"
    ]
  }
}